anggaran_id,tahun,sumber_dana,komponen,pagu,realisasi,triwulan,ingested_at
ANGddf8b73e,2020,PNBP,Gaji,45011534855,18051387004,1,2026-05-13T19:21:15+07:00
ANG349a05ee,2020,PNBP,Operasional,43907712869,28888356351,1,2026-05-13T19:21:15+07:00
ANG7b84a8c9,2020,PNBP,Penelitian,40149034548,19219831701,1,2026-05-13T19:21:15+07:00
ANGf07ffd01,2020,PNBP,Investasi,47394330725,40728721645,1,2026-05-13T19:21:15+07:00
ANGe71bdf41,2020,PNBP,PkM,3531461099,2697487791,1,2026-05-13T19:21:15+07:00
ANGa4a07376,2020,APBN,Gaji,34625551876,16168384137,1,2026-05-13T19:21:15+07:00
ANG9f76f4ff,2020,APBN,Operasional,2763172818,2546379708,1,2026-05-13T19:21:15+07:00
ANG04b21aba,2020,APBN,Penelitian,22278735615,14823722843,1,2026-05-13T19:21:15+07:00
ANGf71ac7d2,2020,APBN,Investasi,27813936358,24278802937,1,2026-05-13T19:21:15+07:00
ANG534e685f,2020,APBN,PkM,34090725755,18262427127,1,2026-05-13T19:21:15+07:00
ANG9821f80f,2020,SBSN,Gaji,25491566781,21327549637,1,2026-05-13T19:21:15+07:00
ANGae0cea99,2020,SBSN,Operasional,7216246635,7050982044,1,2026-05-13T19:21:15+07:00
ANGf59a513a,2020,SBSN,Penelitian,40965837934,35845838048,1,2026-05-13T19:21:15+07:00
ANGff65e915,2020,SBSN,Investasi,31623073164,13199440657,1,2026-05-13T19:21:15+07:00
ANG5520c974,2020,SBSN,PkM,30023018378,22502058136,1,2026-05-13T19:21:15+07:00
ANG4f79dbf7,2020,Hibah,Gaji,17772407174,17287422665,1,2026-05-13T19:21:15+07:00
ANGa9fe20a3,2020,Hibah,Operasional,13803709416,9858567521,1,2026-05-13T19:21:15+07:00
ANG29e1cbed,2020,Hibah,Penelitian,38337243880,26958580943,1,2026-05-13T19:21:15+07:00
ANG2cbe51d1,2020,Hibah,Investasi,19778431356,12887536686,1,2026-05-13T19:21:15+07:00
ANG731de324,2020,Hibah,PkM,28732934932,22362370103,1,2026-05-13T19:21:15+07:00
ANG8331040f,2020,PNBP,Gaji,16128631503,12672474548,2,2026-05-13T19:21:15+07:00
ANGf791591c,2020,PNBP,Operasional,28462879690,13593217781,2,2026-05-13T19:21:15+07:00
ANG2cb56188,2020,PNBP,Penelitian,35745929886,32184154072,2,2026-05-13T19:21:15+07:00
ANG5ac5662e,2020,PNBP,Investasi,28530287277,24514188456,2,2026-05-13T19:21:15+07:00
ANGfa8283cc,2020,PNBP,PkM,21473168008,10092551707,2,2026-05-13T19:21:15+07:00
ANG52bab970,2020,APBN,Gaji,19444656571,12037434895,2,2026-05-13T19:21:15+07:00
ANGb623f212,2020,APBN,Operasional,34384879155,14118814968,2,2026-05-13T19:21:15+07:00
ANGb5df3de8,2020,APBN,Penelitian,36902505786,28621320738,2,2026-05-13T19:21:15+07:00
ANG8b76f01f,2020,APBN,Investasi,25677840822,13321615902,2,2026-05-13T19:21:15+07:00
ANGbb46d8d2,2020,APBN,PkM,13704375030,9700737338,2,2026-05-13T19:21:15+07:00
ANG095bf390,2020,SBSN,Gaji,30952603110,28408625948,2,2026-05-13T19:21:15+07:00
ANG7bdc3fbb,2020,SBSN,Operasional,1465829332,891089158,2,2026-05-13T19:21:15+07:00
ANG437e2482,2020,SBSN,Penelitian,49192036404,42109703993,2,2026-05-13T19:21:15+07:00
ANGb8c934bd,2020,SBSN,Investasi,21421337161,20146169181,2,2026-05-13T19:21:15+07:00
ANG9dfe2420,2020,SBSN,PkM,42592097015,28379163958,2,2026-05-13T19:21:15+07:00
ANG5a391a88,2020,Hibah,Gaji,6328516306,6072230451,2,2026-05-13T19:21:15+07:00
ANG8e66285d,2020,Hibah,Operasional,45734426857,36940949752,2,2026-05-13T19:21:15+07:00
ANGab483d1e,2020,Hibah,Penelitian,7992158931,4503356584,2,2026-05-13T19:21:15+07:00
ANGffaa8ec6,2020,Hibah,Investasi,25171994888,10318286474,2,2026-05-13T19:21:15+07:00
ANGbb3f8907,2020,Hibah,PkM,33898595187,20052354626,2,2026-05-13T19:21:15+07:00
ANGbafb95df,2020,PNBP,Gaji,12827563881,10782582585,3,2026-05-13T19:21:15+07:00
ANG8904cc53,2020,PNBP,Operasional,15233260568,9990126074,3,2026-05-13T19:21:15+07:00
ANGc39f1e88,2020,PNBP,Penelitian,43902021292,37728180375,3,2026-05-13T19:21:15+07:00
ANGfdc8566f,2020,PNBP,Investasi,31570092398,18101276455,3,2026-05-13T19:21:15+07:00
ANG51126700,2020,PNBP,PkM,3548655573,1472009239,3,2026-05-13T19:21:15+07:00
ANG9994c223,2020,APBN,Gaji,29378955044,12662907655,3,2026-05-13T19:21:15+07:00
ANGde6a0c5d,2020,APBN,Operasional,5792957462,3678198618,3,2026-05-13T19:21:15+07:00
ANG82e2f998,2020,APBN,Penelitian,26427630607,14539725164,3,2026-05-13T19:21:15+07:00
ANG48fd785c,2020,APBN,Investasi,21268548315,17820575717,3,2026-05-13T19:21:15+07:00
ANG6f6071e2,2020,APBN,PkM,6191938079,6029643525,3,2026-05-13T19:21:15+07:00
ANGd0988f27,2020,SBSN,Gaji,37886874976,26565238605,3,2026-05-13T19:21:15+07:00
ANG667f350e,2020,SBSN,Operasional,12579050278,5757468856,3,2026-05-13T19:21:15+07:00
ANG528a4c64,2020,SBSN,Penelitian,38595902885,21087036125,3,2026-05-13T19:21:15+07:00
ANGb66428fa,2020,SBSN,Investasi,32995155947,27041772039,3,2026-05-13T19:21:15+07:00
ANG4e9e827a,2020,SBSN,PkM,33616998944,22742088368,3,2026-05-13T19:21:15+07:00
ANG3d4817fd,2020,Hibah,Gaji,40913704220,32663677652,3,2026-05-13T19:21:15+07:00
ANG90bf5ff8,2020,Hibah,Operasional,40230186696,29985602987,3,2026-05-13T19:21:15+07:00
ANG087748e9,2020,Hibah,Penelitian,40541876427,39356165008,3,2026-05-13T19:21:15+07:00
ANG9a9d9fb0,2020,Hibah,Investasi,27628734107,19477356623,3,2026-05-13T19:21:15+07:00
ANG186bde5d,2020,Hibah,PkM,31920147616,12845904707,3,2026-05-13T19:21:15+07:00
ANG9596fba4,2020,PNBP,Gaji,42649365943,24260273585,4,2026-05-13T19:21:15+07:00
ANGd45659f1,2020,PNBP,Operasional,11761929705,8407515667,4,2026-05-13T19:21:15+07:00
ANG639e6df2,2020,PNBP,Penelitian,21531632507,16186168938,4,2026-05-13T19:21:15+07:00
ANG84dbc0d8,2020,PNBP,Investasi,9257652356,6913117833,4,2026-05-13T19:21:15+07:00
ANG239c9b62,2020,PNBP,PkM,18891948376,11135412141,4,2026-05-13T19:21:15+07:00
ANGdd82f135,2020,APBN,Gaji,34038661872,30917495400,4,2026-05-13T19:21:15+07:00
ANG192eed61,2020,APBN,Operasional,33963877339,32836107746,4,2026-05-13T19:21:15+07:00
ANGcb60c912,2020,APBN,Penelitian,42586349885,40137147199,4,2026-05-13T19:21:15+07:00
ANG740204b9,2020,APBN,Investasi,27661664285,20993614857,4,2026-05-13T19:21:15+07:00
ANGbfff8a9b,2020,APBN,PkM,12893139212,10958162461,4,2026-05-13T19:21:15+07:00
ANG2c1d534e,2020,SBSN,Gaji,26931318644,25459406959,4,2026-05-13T19:21:15+07:00
ANG0af6c03e,2020,SBSN,Operasional,13922162211,10124324737,4,2026-05-13T19:21:15+07:00
ANGfab7f930,2020,SBSN,Penelitian,31323198466,27294426610,4,2026-05-13T19:21:15+07:00
ANGd8347de8,2020,SBSN,Investasi,36208248014,18353517842,4,2026-05-13T19:21:15+07:00
ANGe5580f1f,2020,SBSN,PkM,12619957175,5825104223,4,2026-05-13T19:21:15+07:00
ANG7060243a,2020,Hibah,Gaji,10132858143,8406738113,4,2026-05-13T19:21:15+07:00
ANGe5c226dd,2020,Hibah,Operasional,48940830943,22974464898,4,2026-05-13T19:21:15+07:00
ANG11382bf7,2020,Hibah,Penelitian,42960917756,30084411305,4,2026-05-13T19:21:15+07:00
ANG05f5bab3,2020,Hibah,Investasi,39129277322,23853524359,4,2026-05-13T19:21:15+07:00
ANG7fe5bb3e,2020,Hibah,PkM,24045574614,20603633531,4,2026-05-13T19:21:15+07:00
ANG144387e7,2021,PNBP,Gaji,10645374463,6331501918,1,2026-05-13T19:21:15+07:00
ANGa0c497dd,2021,PNBP,Operasional,26599592531,15692568706,1,2026-05-13T19:21:15+07:00
ANGdb360b31,2021,PNBP,Penelitian,22471574568,15774033914,1,2026-05-13T19:21:15+07:00
ANG0879acbc,2021,PNBP,Investasi,1450105790,1368635550,1,2026-05-13T19:21:15+07:00
ANG6a890aa4,2021,PNBP,PkM,23405829290,10566814566,1,2026-05-13T19:21:15+07:00
ANG8001ce40,2021,APBN,Gaji,3608424155,2921678757,1,2026-05-13T19:21:15+07:00
ANG8fa27816,2021,APBN,Operasional,6064056019,5807675243,1,2026-05-13T19:21:15+07:00
ANG0f835e36,2021,APBN,Penelitian,39950270338,34842082178,1,2026-05-13T19:21:15+07:00
ANG0ab7e61e,2021,APBN,Investasi,18103685665,14669852835,1,2026-05-13T19:21:15+07:00
ANG571cc2cf,2021,APBN,PkM,28078153527,13483287455,1,2026-05-13T19:21:15+07:00
ANGdfea8786,2021,SBSN,Gaji,41712487560,29241212805,1,2026-05-13T19:21:15+07:00
ANGe9c8fdcf,2021,SBSN,Operasional,40298530127,30494322783,1,2026-05-13T19:21:15+07:00
ANGf1f90c06,2021,SBSN,Penelitian,41519836764,18037294938,1,2026-05-13T19:21:15+07:00
ANGdbb16919,2021,SBSN,Investasi,14524344134,7566026577,1,2026-05-13T19:21:15+07:00
ANG0a53b7da,2021,SBSN,PkM,42473944673,30324157210,1,2026-05-13T19:21:15+07:00
ANG8b1eca48,2021,Hibah,Gaji,14325333337,6464424810,1,2026-05-13T19:21:15+07:00
ANGbbd318e7,2021,Hibah,Operasional,44398375719,20640995014,1,2026-05-13T19:21:15+07:00
ANG6958ce3f,2021,Hibah,Penelitian,24836728100,15256248836,1,2026-05-13T19:21:15+07:00
ANG3e9112b8,2021,Hibah,Investasi,33091040778,14624523610,1,2026-05-13T19:21:15+07:00
ANGca1cc4fc,2021,Hibah,PkM,48237919181,38618834312,1,2026-05-13T19:21:15+07:00
ANGe1ea702e,2021,PNBP,Gaji,6812779189,5053887157,2,2026-05-13T19:21:15+07:00
ANG6a2f1c5f,2021,PNBP,Operasional,26724892771,21859467763,2,2026-05-13T19:21:15+07:00
ANG8e7a4177,2021,PNBP,Penelitian,34281410180,18132562119,2,2026-05-13T19:21:15+07:00
ANG0365d540,2021,PNBP,Investasi,29176927467,17998718662,2,2026-05-13T19:21:15+07:00
ANG81fe7101,2021,PNBP,PkM,44691011417,29191434209,2,2026-05-13T19:21:15+07:00
ANGf4e6df3c,2021,APBN,Gaji,10204406386,5834684958,2,2026-05-13T19:21:15+07:00
ANG2a2550dc,2021,APBN,Operasional,18283188400,14198663017,2,2026-05-13T19:21:15+07:00
ANGdc537bf5,2021,APBN,Penelitian,34862990284,15112487164,2,2026-05-13T19:21:15+07:00
ANG0df35c33,2021,APBN,Investasi,38715296865,27842804517,2,2026-05-13T19:21:15+07:00
ANG150cf23d,2021,APBN,PkM,6264568647,3356452441,2,2026-05-13T19:21:15+07:00
ANG8ba04d41,2021,SBSN,Gaji,31580226320,13177021760,2,2026-05-13T19:21:15+07:00
ANGdfe5b533,2021,SBSN,Operasional,10328422628,5922263496,2,2026-05-13T19:21:15+07:00
ANG33222ee1,2021,SBSN,Penelitian,31324721108,13881548894,2,2026-05-13T19:21:15+07:00
ANG8da67869,2021,SBSN,Investasi,4607139625,2133684687,2,2026-05-13T19:21:15+07:00
ANG715c8cf7,2021,SBSN,PkM,20039547065,14994699750,2,2026-05-13T19:21:15+07:00
ANGe53d09a9,2021,Hibah,Gaji,13706480009,13041084507,2,2026-05-13T19:21:15+07:00
ANG1c651ca7,2021,Hibah,Operasional,3751571125,1644354591,2,2026-05-13T19:21:15+07:00
ANGf31d6af9,2021,Hibah,Penelitian,14267124114,8857016163,2,2026-05-13T19:21:15+07:00
ANG18c74a9e,2021,Hibah,Investasi,27707146273,13069242511,2,2026-05-13T19:21:15+07:00
ANG75d1c23b,2021,Hibah,PkM,24075543073,11031803671,2,2026-05-13T19:21:15+07:00
ANG04967e2d,2021,PNBP,Gaji,30097057847,19262015383,3,2026-05-13T19:21:15+07:00
ANGe5fd5d97,2021,PNBP,Operasional,8037486263,6428585759,3,2026-05-13T19:21:15+07:00
ANGf0b06735,2021,PNBP,Penelitian,16979309530,12268985202,3,2026-05-13T19:21:15+07:00
ANG401a3190,2021,PNBP,Investasi,33596263670,13785416843,3,2026-05-13T19:21:15+07:00
ANG52427dbd,2021,PNBP,PkM,19660286770,18348670466,3,2026-05-13T19:21:15+07:00
ANG26326e95,2021,APBN,Gaji,42334039408,33381320359,3,2026-05-13T19:21:15+07:00
ANGbf426ede,2021,APBN,Operasional,36152395698,33915555887,3,2026-05-13T19:21:15+07:00
ANG6b5b8d22,2021,APBN,Penelitian,8622950380,3465228728,3,2026-05-13T19:21:15+07:00
ANGa78442d0,2021,APBN,Investasi,12970658671,11624148627,3,2026-05-13T19:21:15+07:00
ANG155efe8c,2021,APBN,PkM,7083694594,6739302113,3,2026-05-13T19:21:15+07:00
ANGb89dc9cc,2021,SBSN,Gaji,46864971529,32353943659,3,2026-05-13T19:21:15+07:00
ANG1696473a,2021,SBSN,Operasional,43433727715,31950938287,3,2026-05-13T19:21:15+07:00
ANG51c02eee,2021,SBSN,Penelitian,17674598803,8522545457,3,2026-05-13T19:21:15+07:00
ANGa3a6923a,2021,SBSN,Investasi,16026508336,6582537033,3,2026-05-13T19:21:15+07:00
ANGb4200d41,2021,SBSN,PkM,6793989798,3547783560,3,2026-05-13T19:21:15+07:00
ANG207fdb00,2021,Hibah,Gaji,2099641895,2052970888,3,2026-05-13T19:21:15+07:00
ANGc696c46c,2021,Hibah,Operasional,22337696989,20519604916,3,2026-05-13T19:21:15+07:00
ANG9c6de8d7,2021,Hibah,Penelitian,40232592661,35160974582,3,2026-05-13T19:21:15+07:00
ANGb5bbefc4,2021,Hibah,Investasi,26176646198,18731896652,3,2026-05-13T19:21:15+07:00
ANG85d60c48,2021,Hibah,PkM,46315566064,21096315457,3,2026-05-13T19:21:15+07:00
ANG52ef970a,2021,PNBP,Gaji,47002202508,27256731385,4,2026-05-13T19:21:15+07:00
ANG4ce2202c,2021,PNBP,Operasional,31884098464,18042761329,4,2026-05-13T19:21:15+07:00
ANG72245815,2021,PNBP,Penelitian,45861057513,26816445248,4,2026-05-13T19:21:15+07:00
ANGea27b6e8,2021,PNBP,Investasi,11458383958,10670510305,4,2026-05-13T19:21:15+07:00
ANG9b54867a,2021,PNBP,PkM,42262289386,23561226517,4,2026-05-13T19:21:15+07:00
ANG7ff45518,2021,APBN,Gaji,38795596339,23319143018,4,2026-05-13T19:21:15+07:00
ANGd760ade1,2021,APBN,Operasional,5241559726,4099371719,4,2026-05-13T19:21:15+07:00
ANGdd54041a,2021,APBN,Penelitian,35036752726,17078269002,4,2026-05-13T19:21:15+07:00
ANG61cc664e,2021,APBN,Investasi,36547839764,28118786641,4,2026-05-13T19:21:15+07:00
ANG33748cfb,2021,APBN,PkM,49333417000,24498431791,4,2026-05-13T19:21:15+07:00
ANGb20fdd30,2021,SBSN,Gaji,21362743226,14184296962,4,2026-05-13T19:21:15+07:00
ANGd6bf7b97,2021,SBSN,Operasional,23776590114,13901700853,4,2026-05-13T19:21:15+07:00
ANGb43f554e,2021,SBSN,Penelitian,29305601487,13973626233,4,2026-05-13T19:21:15+07:00
ANG43d3cac2,2021,SBSN,Investasi,7456450468,7141525032,4,2026-05-13T19:21:15+07:00
ANG94045268,2021,SBSN,PkM,39187337047,19230825211,4,2026-05-13T19:21:15+07:00
ANGa7228e62,2021,Hibah,Gaji,32103698271,15430624556,4,2026-05-13T19:21:15+07:00
ANGe7723edc,2021,Hibah,Operasional,36755275444,18234486798,4,2026-05-13T19:21:15+07:00
ANG611ce700,2021,Hibah,Penelitian,4786277694,4275534119,4,2026-05-13T19:21:15+07:00
ANG1fa9ee46,2021,Hibah,Investasi,3492211036,2986170754,4,2026-05-13T19:21:15+07:00
ANGbd542e9d,2021,Hibah,PkM,5136368472,3345038860,4,2026-05-13T19:21:15+07:00
ANG09ef16aa,2022,PNBP,Gaji,46078880126,28860619698,1,2026-05-13T19:21:15+07:00
ANGf707dada,2022,PNBP,Operasional,18138363306,11633868643,1,2026-05-13T19:21:15+07:00
ANG0cb7ac9a,2022,PNBP,Penelitian,18710488603,18311617061,1,2026-05-13T19:21:15+07:00
ANGf71c6f56,2022,PNBP,Investasi,26276938584,13900203845,1,2026-05-13T19:21:15+07:00
ANG7f611d0c,2022,PNBP,PkM,35340039548,29683292780,1,2026-05-13T19:21:15+07:00
ANG635bf4ec,2022,APBN,Gaji,43936941305,35523955528,1,2026-05-13T19:21:15+07:00
ANG1fbf98c4,2022,APBN,Operasional,44654396778,37403271360,1,2026-05-13T19:21:15+07:00
ANG36b613e5,2022,APBN,Penelitian,22690548444,14825085150,1,2026-05-13T19:21:15+07:00
ANG100dbb7d,2022,APBN,Investasi,33256861274,29139443411,1,2026-05-13T19:21:15+07:00
ANGc733bfcd,2022,APBN,PkM,33828447480,26827574307,1,2026-05-13T19:21:15+07:00
ANG2667b589,2022,SBSN,Gaji,45173064732,30758892083,1,2026-05-13T19:21:15+07:00
ANG710f1d34,2022,SBSN,Operasional,46169699905,36804123987,1,2026-05-13T19:21:15+07:00
ANG7a02b426,2022,SBSN,Penelitian,48972256489,40765701960,1,2026-05-13T19:21:15+07:00
ANG974de5dd,2022,SBSN,Investasi,30509989798,18184325276,1,2026-05-13T19:21:15+07:00
ANGd117ad47,2022,SBSN,PkM,32800279869,23260024834,1,2026-05-13T19:21:15+07:00
ANGa0dc4617,2022,Hibah,Gaji,46012093191,19985439468,1,2026-05-13T19:21:15+07:00
ANG0badeee5,2022,Hibah,Operasional,26837534554,13335672949,1,2026-05-13T19:21:15+07:00
ANG7ff62ea5,2022,Hibah,Penelitian,14911815992,13965222578,1,2026-05-13T19:21:15+07:00
ANGf3b3215b,2022,Hibah,Investasi,29476857744,22235553847,1,2026-05-13T19:21:15+07:00
ANG0e6a3c5f,2022,Hibah,PkM,28402380186,20138877115,1,2026-05-13T19:21:15+07:00
ANG3a174e7f,2022,PNBP,Gaji,26112636896,12138651827,2,2026-05-13T19:21:15+07:00
ANGfd91ab0d,2022,PNBP,Operasional,23941476408,14651280329,2,2026-05-13T19:21:15+07:00
ANG60e3834b,2022,PNBP,Penelitian,27773944828,17665679033,2,2026-05-13T19:21:15+07:00
ANGc11dc529,2022,PNBP,Investasi,20734021431,19178096344,2,2026-05-13T19:21:15+07:00
ANG8e583517,2022,PNBP,PkM,18284339243,14789021943,2,2026-05-13T19:21:15+07:00
ANGb0d984f2,2022,APBN,Gaji,28886452830,24477283491,2,2026-05-13T19:21:15+07:00
ANG1726b9b0,2022,APBN,Operasional,8155896098,6851730665,2,2026-05-13T19:21:15+07:00
ANG0404ef02,2022,APBN,Penelitian,3769140974,2073431913,2,2026-05-13T19:21:15+07:00
ANGd9c8af2f,2022,APBN,Investasi,25810840842,22001034011,2,2026-05-13T19:21:15+07:00
ANG178fb86c,2022,APBN,PkM,23250416561,12245734801,2,2026-05-13T19:21:15+07:00
ANG05ad3459,2022,SBSN,Gaji,40961100369,32254512812,2,2026-05-13T19:21:15+07:00
ANG9faf1976,2022,SBSN,Operasional,31537691520,19959860194,2,2026-05-13T19:21:15+07:00
ANG77a41b96,2022,SBSN,Penelitian,48575055554,33325749487,2,2026-05-13T19:21:15+07:00
ANG5598d677,2022,SBSN,Investasi,41208628585,23725126100,2,2026-05-13T19:21:15+07:00
ANGf7248694,2022,SBSN,PkM,12625664877,7695981293,2,2026-05-13T19:21:15+07:00
ANGd8d26278,2022,Hibah,Gaji,15450320675,6589998746,2,2026-05-13T19:21:15+07:00
ANGdbac5dd8,2022,Hibah,Operasional,22755235170,22035705010,2,2026-05-13T19:21:15+07:00
ANGf58602dd,2022,Hibah,Penelitian,21652574438,19863618935,2,2026-05-13T19:21:15+07:00
ANG26f53f38,2022,Hibah,Investasi,18305441536,13941296149,2,2026-05-13T19:21:15+07:00
ANG7f3aefed,2022,Hibah,PkM,26599671316,15502714802,2,2026-05-13T19:21:15+07:00
ANG3c9c30ba,2022,PNBP,Gaji,9431055115,8233944553,3,2026-05-13T19:21:15+07:00
ANG4815dca0,2022,PNBP,Operasional,25953716150,13392120420,3,2026-05-13T19:21:15+07:00
ANG0ef7aa39,2022,PNBP,Penelitian,34923236886,25313031541,3,2026-05-13T19:21:15+07:00
ANG97010d99,2022,PNBP,Investasi,11364940164,7233873199,3,2026-05-13T19:21:15+07:00
ANG80c57da2,2022,PNBP,PkM,749574131,375147794,3,2026-05-13T19:21:15+07:00
ANGd5ab5efd,2022,APBN,Gaji,29491539284,17600766091,3,2026-05-13T19:21:15+07:00
ANG01460771,2022,APBN,Operasional,36204795380,20283994421,3,2026-05-13T19:21:15+07:00
ANGdb3b0bb0,2022,APBN,Penelitian,15687008237,13613587644,3,2026-05-13T19:21:15+07:00
ANG8488c544,2022,APBN,Investasi,2644435522,1814793959,3,2026-05-13T19:21:15+07:00
ANG5ca1398d,2022,APBN,PkM,39568271389,35292386264,3,2026-05-13T19:21:15+07:00
ANGce08e08d,2022,SBSN,Gaji,9835993718,9131575831,3,2026-05-13T19:21:15+07:00
ANG1a2a2194,2022,SBSN,Operasional,47771967994,36122984639,3,2026-05-13T19:21:15+07:00
ANGd5903752,2022,SBSN,Penelitian,33027139701,30226850852,3,2026-05-13T19:21:15+07:00
ANGf4aae771,2022,SBSN,Investasi,49058746344,23816963720,3,2026-05-13T19:21:15+07:00
ANG95477237,2022,SBSN,PkM,26422660887,24647963084,3,2026-05-13T19:21:15+07:00
ANG05e6fa08,2022,Hibah,Gaji,24574349736,19482217065,3,2026-05-13T19:21:15+07:00
ANG8ea598c3,2022,Hibah,Operasional,6997470505,4674898034,3,2026-05-13T19:21:15+07:00
ANG475bc271,2022,Hibah,Penelitian,31182946301,22978580688,3,2026-05-13T19:21:15+07:00
ANG73f43d3d,2022,Hibah,Investasi,45087360598,23322500424,3,2026-05-13T19:21:15+07:00
ANGba3d0780,2022,Hibah,PkM,29034833334,23562305986,3,2026-05-13T19:21:15+07:00
ANG8b60daad,2022,PNBP,Gaji,15807269400,15410598316,4,2026-05-13T19:21:15+07:00
ANG6fc397c6,2022,PNBP,Operasional,7109448747,4379277363,4,2026-05-13T19:21:15+07:00
ANG4a26a5a5,2022,PNBP,Penelitian,15048495991,8755155611,4,2026-05-13T19:21:15+07:00
ANG8b6f0ed0,2022,PNBP,Investasi,48503092718,27131313109,4,2026-05-13T19:21:15+07:00
ANGb12c2ccb,2022,PNBP,PkM,19715135739,19041464789,4,2026-05-13T19:21:15+07:00
ANG5f097a71,2022,APBN,Gaji,41229855697,24088287725,4,2026-05-13T19:21:15+07:00
ANG07861424,2022,APBN,Operasional,33623256507,32572720192,4,2026-05-13T19:21:15+07:00
ANG1ac9226e,2022,APBN,Penelitian,45149669729,37929521209,4,2026-05-13T19:21:15+07:00
ANG3302aa6c,2022,APBN,Investasi,15877684828,13931415939,4,2026-05-13T19:21:15+07:00
ANG14eec39b,2022,APBN,PkM,28010215054,17884844928,4,2026-05-13T19:21:15+07:00
ANG74f942b3,2022,SBSN,Gaji,41890915749,36723073241,4,2026-05-13T19:21:15+07:00
ANGab02aa18,2022,SBSN,Operasional,5941848062,3296035569,4,2026-05-13T19:21:15+07:00
ANGa2a033ea,2022,SBSN,Penelitian,33981194655,25040960961,4,2026-05-13T19:21:15+07:00
ANGe0b93d87,2022,SBSN,Investasi,23422805276,21681727445,4,2026-05-13T19:21:15+07:00
ANGf917db6e,2022,SBSN,PkM,45021262157,25975893281,4,2026-05-13T19:21:15+07:00
ANGa0c498d2,2022,Hibah,Gaji,48996985545,22778628325,4,2026-05-13T19:21:15+07:00
ANGf401a0ba,2022,Hibah,Operasional,30822131071,29216043189,4,2026-05-13T19:21:15+07:00
ANGfd27d1a2,2022,Hibah,Penelitian,15174081302,7675147895,4,2026-05-13T19:21:15+07:00
ANG78f5d322,2022,Hibah,Investasi,11499651158,9690642274,4,2026-05-13T19:21:15+07:00
ANG3f2de3c2,2022,Hibah,PkM,42650197923,24039559655,4,2026-05-13T19:21:15+07:00
ANG7a26e979,2023,PNBP,Gaji,11139139622,9436535934,1,2026-05-13T19:21:15+07:00
ANG6afa9707,2023,PNBP,Operasional,25550114604,22206849110,1,2026-05-13T19:21:15+07:00
ANGe3774014,2023,PNBP,Penelitian,23127636924,10836662352,1,2026-05-13T19:21:15+07:00
ANG8252cb52,2023,PNBP,Investasi,30118731780,27952784592,1,2026-05-13T19:21:15+07:00
ANG2ecfe0d0,2023,PNBP,PkM,17934673718,8651971355,1,2026-05-13T19:21:15+07:00
ANG5c7d9cb0,2023,APBN,Gaji,14216408304,10594814080,1,2026-05-13T19:21:15+07:00
ANG24e902f1,2023,APBN,Operasional,49693606964,34576687774,1,2026-05-13T19:21:15+07:00
ANG6e32294f,2023,APBN,Penelitian,33457617853,25187884750,1,2026-05-13T19:21:15+07:00
ANG0c434ced,2023,APBN,Investasi,30268224902,28505266071,1,2026-05-13T19:21:15+07:00
ANGe4c605b4,2023,APBN,PkM,21815686484,19316766796,1,2026-05-13T19:21:15+07:00
ANGb8644673,2023,SBSN,Gaji,49985959328,22276655446,1,2026-05-13T19:21:15+07:00
ANG572d7440,2023,SBSN,Operasional,25619637565,16825528808,1,2026-05-13T19:21:15+07:00
ANG966fc58f,2023,SBSN,Penelitian,5931261352,5048004290,1,2026-05-13T19:21:15+07:00
ANG01269951,2023,SBSN,Investasi,17872674266,12145136676,1,2026-05-13T19:21:15+07:00
ANGa6cf4777,2023,SBSN,PkM,18354295265,13939456285,1,2026-05-13T19:21:15+07:00
ANG9b2b9a53,2023,Hibah,Gaji,44718151621,23418682676,1,2026-05-13T19:21:15+07:00
ANG06bfe432,2023,Hibah,Operasional,14523408318,5828192730,1,2026-05-13T19:21:15+07:00
ANG7a1507ce,2023,Hibah,Penelitian,45221246495,42250088463,1,2026-05-13T19:21:15+07:00
ANG34530cec,2023,Hibah,Investasi,31435256653,20330566167,1,2026-05-13T19:21:15+07:00
ANG3d68615d,2023,Hibah,PkM,9270708837,5630375047,1,2026-05-13T19:21:15+07:00
ANGeac74cb8,2023,PNBP,Gaji,32934994781,24084723050,2,2026-05-13T19:21:15+07:00
ANGbc840b8a,2023,PNBP,Operasional,44947780098,22703558382,2,2026-05-13T19:21:15+07:00
ANG9a0bd126,2023,PNBP,Penelitian,25922632407,11502719054,2,2026-05-13T19:21:15+07:00
ANG36513fdc,2023,PNBP,Investasi,19708745356,12066855762,2,2026-05-13T19:21:15+07:00
ANGbb3f00ff,2023,PNBP,PkM,44551000202,23497970315,2,2026-05-13T19:21:15+07:00
ANG2be69a92,2023,APBN,Gaji,13550802000,6619658548,2,2026-05-13T19:21:15+07:00
ANG6c6eb8f5,2023,APBN,Operasional,42868899590,35714991274,2,2026-05-13T19:21:15+07:00
ANG2c84a559,2023,APBN,Penelitian,43217277106,19655408379,2,2026-05-13T19:21:15+07:00
ANG5eed47cd,2023,APBN,Investasi,36716586339,26573532578,2,2026-05-13T19:21:15+07:00
ANG269bcf1a,2023,APBN,PkM,49570952946,21768828737,2,2026-05-13T19:21:15+07:00
ANG7891e7da,2023,SBSN,Gaji,22530340256,21390762532,2,2026-05-13T19:21:15+07:00
ANG666c5ede,2023,SBSN,Operasional,42875846725,26033241873,2,2026-05-13T19:21:15+07:00
ANG94aad742,2023,SBSN,Penelitian,45691238371,25202478619,2,2026-05-13T19:21:15+07:00
ANG1620445c,2023,SBSN,Investasi,19866623011,11845844379,2,2026-05-13T19:21:15+07:00
ANGe8c4dbc0,2023,SBSN,PkM,1596891770,1137740982,2,2026-05-13T19:21:15+07:00
ANG70d6220d,2023,Hibah,Gaji,19190723838,11135324505,2,2026-05-13T19:21:15+07:00
ANG89a67fcb,2023,Hibah,Operasional,4562013895,4316709194,2,2026-05-13T19:21:15+07:00
ANG9c3e6ccd,2023,Hibah,Penelitian,2948647116,2162593269,2,2026-05-13T19:21:15+07:00
ANGbc142760,2023,Hibah,Investasi,25099404144,23269794673,2,2026-05-13T19:21:15+07:00
ANG70925672,2023,Hibah,PkM,30001007791,28744407164,2,2026-05-13T19:21:15+07:00
ANG32fbedf8,2023,PNBP,Gaji,30551574431,22858565992,3,2026-05-13T19:21:15+07:00
ANG09800962,2023,PNBP,Operasional,11153314540,10686737441,3,2026-05-13T19:21:15+07:00
ANGb246b9dc,2023,PNBP,Penelitian,40934346945,30392794442,3,2026-05-13T19:21:15+07:00
ANG036970c5,2023,PNBP,Investasi,20022149999,18136806436,3,2026-05-13T19:21:15+07:00
ANGdcaf1513,2023,PNBP,PkM,47377192748,37021315909,3,2026-05-13T19:21:15+07:00
ANG8ce00bb8,2023,APBN,Gaji,42928307868,39726595099,3,2026-05-13T19:21:15+07:00
ANG57c5c7b1,2023,APBN,Operasional,12664840476,8876898565,3,2026-05-13T19:21:15+07:00
ANG95fa631a,2023,APBN,Penelitian,31037634363,29013390414,3,2026-05-13T19:21:15+07:00
ANGa640c31e,2023,APBN,Investasi,582574822,545844534,3,2026-05-13T19:21:15+07:00
ANG016ce793,2023,APBN,PkM,47852113212,27058848428,3,2026-05-13T19:21:15+07:00
ANG1001170e,2023,SBSN,Gaji,32733154599,15160147850,3,2026-05-13T19:21:15+07:00
ANG8146e56a,2023,SBSN,Operasional,32787496121,17845390180,3,2026-05-13T19:21:15+07:00
ANG595c3718,2023,SBSN,Penelitian,1694708254,1219917735,3,2026-05-13T19:21:15+07:00
ANGab919156,2023,SBSN,Investasi,28265851812,24445690950,3,2026-05-13T19:21:15+07:00
ANGe2f4529b,2023,SBSN,PkM,18363166333,10720435485,3,2026-05-13T19:21:15+07:00
ANG50e11329,2023,Hibah,Gaji,6469805577,4917612272,3,2026-05-13T19:21:15+07:00
ANGc002915a,2023,Hibah,Operasional,31579317398,26606738053,3,2026-05-13T19:21:15+07:00
ANG402bd17e,2023,Hibah,Penelitian,29704730694,27247612250,3,2026-05-13T19:21:15+07:00
ANG95347600,2023,Hibah,Investasi,34862211074,22434137467,3,2026-05-13T19:21:15+07:00
ANG498c7b84,2023,Hibah,PkM,34493432738,31940659904,3,2026-05-13T19:21:15+07:00
ANGe60dc6e9,2023,PNBP,Gaji,29751244487,21047664039,4,2026-05-13T19:21:15+07:00
ANGfbf4138d,2023,PNBP,Operasional,48646418672,34363949779,4,2026-05-13T19:21:15+07:00
ANG10a0d86e,2023,PNBP,Penelitian,49072118277,46564234456,4,2026-05-13T19:21:15+07:00
ANG89216ec7,2023,PNBP,Investasi,13676225946,12834211440,4,2026-05-13T19:21:15+07:00
ANG82d05193,2023,PNBP,PkM,33944843170,32308272517,4,2026-05-13T19:21:15+07:00
ANGd9ea1fec,2023,APBN,Gaji,32785112734,20180488704,4,2026-05-13T19:21:15+07:00
ANG140fa883,2023,APBN,Operasional,16590182050,11527164532,4,2026-05-13T19:21:15+07:00
ANGff934047,2023,APBN,Penelitian,31756125092,29252120518,4,2026-05-13T19:21:15+07:00
ANG0d75b618,2023,APBN,Investasi,41376844652,26827994743,4,2026-05-13T19:21:15+07:00
ANG1884455a,2023,APBN,PkM,9421438231,5944636818,4,2026-05-13T19:21:15+07:00
ANG12751a4f,2023,SBSN,Gaji,47194914623,35773603601,4,2026-05-13T19:21:15+07:00
ANG7af932b2,2023,SBSN,Operasional,20589859814,14127869338,4,2026-05-13T19:21:15+07:00
ANGbab48ac5,2023,SBSN,Penelitian,26770655825,14457816856,4,2026-05-13T19:21:15+07:00
ANGc382841b,2023,SBSN,Investasi,39171316898,32354603989,4,2026-05-13T19:21:15+07:00
ANG03001b23,2023,SBSN,PkM,48629191677,38161341779,4,2026-05-13T19:21:15+07:00
ANGa10a0bbb,2023,Hibah,Gaji,5581688878,4038935853,4,2026-05-13T19:21:15+07:00
ANG0a295d90,2023,Hibah,Operasional,16221573740,13764051017,4,2026-05-13T19:21:15+07:00
ANGddd82c01,2023,Hibah,Penelitian,35197252976,20709490891,4,2026-05-13T19:21:15+07:00
ANG72158447,2023,Hibah,Investasi,5833499593,4550477694,4,2026-05-13T19:21:15+07:00
ANG801bdd7d,2023,Hibah,PkM,49211409038,22983865667,4,2026-05-13T19:21:15+07:00
ANG870b44fe,2024,PNBP,Gaji,22540807623,17818961710,1,2026-05-13T19:21:15+07:00
ANGb60dda0a,2024,PNBP,Operasional,845845410,689384642,1,2026-05-13T19:21:15+07:00
ANGd619de19,2024,PNBP,Penelitian,42494650786,22515286789,1,2026-05-13T19:21:15+07:00
ANG723ed5c9,2024,PNBP,Investasi,2649025714,1657002685,1,2026-05-13T19:21:15+07:00
ANG14e0e23b,2024,PNBP,PkM,10979399946,9335372761,1,2026-05-13T19:21:15+07:00
ANGf97bbdfc,2024,APBN,Gaji,8191758368,5025950951,1,2026-05-13T19:21:15+07:00
ANGc1ae1d16,2024,APBN,Operasional,20037696289,10326702112,1,2026-05-13T19:21:15+07:00
ANG7789bdde,2024,APBN,Penelitian,32724871608,21512740451,1,2026-05-13T19:21:15+07:00
ANG387d99b1,2024,APBN,Investasi,39280672345,22683693485,1,2026-05-13T19:21:15+07:00
ANGb9a59333,2024,APBN,PkM,6050456464,2469784160,1,2026-05-13T19:21:15+07:00
ANGde09a01f,2024,SBSN,Gaji,11727707868,10382962575,1,2026-05-13T19:21:15+07:00
ANG3797eb0c,2024,SBSN,Operasional,28689567761,16135612868,1,2026-05-13T19:21:15+07:00
ANG7df1714f,2024,SBSN,Penelitian,37998858056,33951499417,1,2026-05-13T19:21:15+07:00
ANGeb6c4814,2024,SBSN,Investasi,17325097462,7085155437,1,2026-05-13T19:21:15+07:00
ANG9eb65bb7,2024,SBSN,PkM,15857662533,12237139583,1,2026-05-13T19:21:15+07:00
ANGeeeabebb,2024,Hibah,Gaji,28526189441,23171399880,1,2026-05-13T19:21:15+07:00
ANG04884c8e,2024,Hibah,Operasional,15486753294,8095470378,1,2026-05-13T19:21:15+07:00
ANG625f24b9,2024,Hibah,Penelitian,38938479041,20652130522,1,2026-05-13T19:21:15+07:00
ANGe047374c,2024,Hibah,Investasi,39653892284,17437511771,1,2026-05-13T19:21:15+07:00
ANG2981fd4a,2024,Hibah,PkM,21426355253,17231985808,1,2026-05-13T19:21:15+07:00
ANGe71eb243,2024,PNBP,Gaji,33603011860,31509403175,2,2026-05-13T19:21:15+07:00
ANGe31e6a97,2024,PNBP,Operasional,23351928852,13463160487,2,2026-05-13T19:21:15+07:00
ANGe638e525,2024,PNBP,Penelitian,22443338568,17365546959,2,2026-05-13T19:21:15+07:00
ANG6aa9c1c6,2024,PNBP,Investasi,1449676016,1387938498,2,2026-05-13T19:21:15+07:00
ANG20f9f739,2024,PNBP,PkM,23312586487,19373180690,2,2026-05-13T19:21:15+07:00
ANGc82e34b8,2024,APBN,Gaji,12575345134,6105258898,2,2026-05-13T19:21:15+07:00
ANG2ebf0e3a,2024,APBN,Operasional,27090003171,19733837752,2,2026-05-13T19:21:15+07:00
ANG65a366c4,2024,APBN,Penelitian,4867046945,4135411451,2,2026-05-13T19:21:15+07:00
ANGd4bea148,2024,APBN,Investasi,25861564837,24753709219,2,2026-05-13T19:21:15+07:00
ANG5eb6c18e,2024,APBN,PkM,14359452584,10708872089,2,2026-05-13T19:21:15+07:00
ANG732e7934,2024,SBSN,Gaji,18484612182,11680561449,2,2026-05-13T19:21:15+07:00
ANG6d558f1c,2024,SBSN,Operasional,47128066790,23298186620,2,2026-05-13T19:21:15+07:00
ANG7f7cd365,2024,SBSN,Penelitian,32529643570,19792277292,2,2026-05-13T19:21:15+07:00
ANGe85a3521,2024,SBSN,Investasi,29067479898,21287054945,2,2026-05-13T19:21:15+07:00
ANGa7bff617,2024,SBSN,PkM,29518186728,14746377528,2,2026-05-13T19:21:15+07:00
ANG9aa6694d,2024,Hibah,Gaji,31672984142,21927022313,2,2026-05-13T19:21:15+07:00
ANG3eccf8db,2024,Hibah,Operasional,43395668518,42417587731,2,2026-05-13T19:21:15+07:00
ANG89aad95e,2024,Hibah,Penelitian,27183061121,24913195207,2,2026-05-13T19:21:15+07:00
ANGfb7ef4c0,2024,Hibah,Investasi,3977264747,3424546801,2,2026-05-13T19:21:15+07:00
ANGe8bee139,2024,Hibah,PkM,12752726184,5140974257,2,2026-05-13T19:21:15+07:00
ANGd15bebe3,2024,PNBP,Gaji,46690433085,33941752614,3,2026-05-13T19:21:15+07:00
ANGecee1c89,2024,PNBP,Operasional,7433933603,4446763437,3,2026-05-13T19:21:15+07:00
ANGbb59a565,2024,PNBP,Penelitian,907301012,400164444,3,2026-05-13T19:21:15+07:00
ANGf7872a3e,2024,PNBP,Investasi,14106756587,7147575397,3,2026-05-13T19:21:15+07:00
ANG602c74d5,2024,PNBP,PkM,27371444716,21264703854,3,2026-05-13T19:21:15+07:00
ANG139a558d,2024,APBN,Gaji,27995975581,23693515284,3,2026-05-13T19:21:15+07:00
ANG203d87e3,2024,APBN,Operasional,34462447510,14238163372,3,2026-05-13T19:21:15+07:00
ANG2cf1e2d1,2024,APBN,Penelitian,16626453674,12697187053,3,2026-05-13T19:21:15+07:00
ANG7beedec3,2024,APBN,Investasi,4516422393,4010033907,3,2026-05-13T19:21:15+07:00
ANGc34d0248,2024,APBN,PkM,30740430580,24888143040,3,2026-05-13T19:21:15+07:00
ANGfa08da75,2024,SBSN,Gaji,43503091507,31572172195,3,2026-05-13T19:21:15+07:00
ANG4cc4e22a,2024,SBSN,Operasional,37606566074,31510710889,3,2026-05-13T19:21:15+07:00
ANGd1dd7031,2024,SBSN,Penelitian,10649701157,5048032685,3,2026-05-13T19:21:15+07:00
ANG3caa4582,2024,SBSN,Investasi,15116367584,11365705374,3,2026-05-13T19:21:15+07:00
ANGf4dc154a,2024,SBSN,PkM,28869859522,21682514656,3,2026-05-13T19:21:15+07:00
ANG406cd00c,2024,Hibah,Gaji,2217616369,1213887184,3,2026-05-13T19:21:15+07:00
ANG0fd11cb6,2024,Hibah,Operasional,28195226939,21384014013,3,2026-05-13T19:21:15+07:00
ANG53e03eb5,2024,Hibah,Penelitian,817999616,796945286,3,2026-05-13T19:21:15+07:00
ANG8587ed0b,2024,Hibah,Investasi,46357400645,20463552455,3,2026-05-13T19:21:15+07:00
ANG2678ba71,2024,Hibah,PkM,17771580048,16016306184,3,2026-05-13T19:21:15+07:00
ANGa94d1e29,2024,PNBP,Gaji,40810937889,25765824877,4,2026-05-13T19:21:15+07:00
ANGe536c41b,2024,PNBP,Operasional,31595195166,27704631116,4,2026-05-13T19:21:15+07:00
ANGc87935cd,2024,PNBP,Penelitian,6063930715,2726639741,4,2026-05-13T19:21:15+07:00
ANG167c8eb6,2024,PNBP,Investasi,32838384959,27038107271,4,2026-05-13T19:21:15+07:00
ANGbb8b1a9e,2024,PNBP,PkM,45135145655,29511822148,4,2026-05-13T19:21:15+07:00
ANG95151d68,2024,APBN,Gaji,48631560312,38984683329,4,2026-05-13T19:21:15+07:00
ANG2b76aae8,2024,APBN,Operasional,5188050560,3909741661,4,2026-05-13T19:21:15+07:00
ANGd3dc90c1,2024,APBN,Penelitian,46096960576,31946357437,4,2026-05-13T19:21:15+07:00
ANGa01913df,2024,APBN,Investasi,36911421926,16655250078,4,2026-05-13T19:21:15+07:00
ANGe7827d05,2024,APBN,PkM,15151728387,12707006311,4,2026-05-13T19:21:15+07:00
ANG5a48ae3a,2024,SBSN,Gaji,43593542562,38694935004,4,2026-05-13T19:21:15+07:00
ANGcb6ec803,2024,SBSN,Operasional,23836937820,9711265286,4,2026-05-13T19:21:15+07:00
ANGc556ea50,2024,SBSN,Penelitian,45143295393,39068820683,4,2026-05-13T19:21:15+07:00
ANG69fc08a4,2024,SBSN,Investasi,37331203590,28918666462,4,2026-05-13T19:21:15+07:00
ANGe0a31c2f,2024,SBSN,PkM,8186246502,6437410066,4,2026-05-13T19:21:15+07:00
ANG67610137,2024,Hibah,Gaji,34786420979,30076151057,4,2026-05-13T19:21:15+07:00
ANGea13805a,2024,Hibah,Operasional,27175098395,14029584956,4,2026-05-13T19:21:15+07:00
ANGf16eeff7,2024,Hibah,Penelitian,926243590,779529626,4,2026-05-13T19:21:15+07:00
ANGde0ae9ed,2024,Hibah,Investasi,17387100151,13702290248,4,2026-05-13T19:21:15+07:00
ANG8829673d,2024,Hibah,PkM,38943243121,37714559072,4,2026-05-13T19:21:15+07:00
ANG1336a32d,2025,PNBP,Gaji,47737090842,40338267963,1,2026-05-13T19:21:15+07:00
ANG74e88bcc,2025,PNBP,Operasional,39133568625,19135988557,1,2026-05-13T19:21:15+07:00
ANG8e430951,2025,PNBP,Penelitian,40594486215,33862989311,1,2026-05-13T19:21:15+07:00
ANGa3e4ae4c,2025,PNBP,Investasi,26596665657,23531281677,1,2026-05-13T19:21:15+07:00
ANGcc92a39e,2025,PNBP,PkM,49706211205,36447079920,1,2026-05-13T19:21:15+07:00
ANGb9ac4eea,2025,APBN,Gaji,877341470,781518344,1,2026-05-13T19:21:15+07:00
ANG8e386578,2025,APBN,Operasional,13765503984,9368927425,1,2026-05-13T19:21:15+07:00
ANG006107f6,2025,APBN,Penelitian,38672359804,29678106042,1,2026-05-13T19:21:15+07:00
ANG474db3ef,2025,APBN,Investasi,33074883868,26614989617,1,2026-05-13T19:21:15+07:00
ANG1538d929,2025,APBN,PkM,27575579354,25358215209,1,2026-05-13T19:21:15+07:00
ANG379a3e63,2025,SBSN,Gaji,1961943656,1094524481,1,2026-05-13T19:21:15+07:00
ANGef552202,2025,SBSN,Operasional,10785341860,5280417554,1,2026-05-13T19:21:15+07:00
ANG3d446482,2025,SBSN,Penelitian,24242197910,12514310341,1,2026-05-13T19:21:15+07:00
ANGa89d68ec,2025,SBSN,Investasi,4917510548,3357084839,1,2026-05-13T19:21:15+07:00
ANG67ede9e9,2025,SBSN,PkM,11538112729,5766301079,1,2026-05-13T19:21:15+07:00
ANGa12aa798,2025,Hibah,Gaji,26301154248,25000710106,1,2026-05-13T19:21:15+07:00
ANG1e9c4fc5,2025,Hibah,Operasional,14601595524,12432659865,1,2026-05-13T19:21:15+07:00
ANG8380dd4c,2025,Hibah,Penelitian,23622565217,11828252559,1,2026-05-13T19:21:15+07:00
ANG2c929235,2025,Hibah,Investasi,2638788523,2493014566,1,2026-05-13T19:21:15+07:00
ANGd1d52ca2,2025,Hibah,PkM,36095344926,17724010790,1,2026-05-13T19:21:15+07:00
ANGb290a4f8,2025,PNBP,Gaji,34817274473,34059130835,2,2026-05-13T19:21:15+07:00
ANGe9ce653e,2025,PNBP,Operasional,5967409094,3067358409,2,2026-05-13T19:21:15+07:00
ANGf7d67eaf,2025,PNBP,Penelitian,41202243348,30414450488,2,2026-05-13T19:21:15+07:00
ANG6e83fb36,2025,PNBP,Investasi,5324822359,4828998921,2,2026-05-13T19:21:15+07:00
ANGb9558574,2025,PNBP,PkM,48265607069,29195451483,2,2026-05-13T19:21:15+07:00
ANGf3d43038,2025,APBN,Gaji,48885158701,27086167790,2,2026-05-13T19:21:15+07:00
ANG5c4d2dad,2025,APBN,Operasional,17337383258,16934899026,2,2026-05-13T19:21:15+07:00
ANG89d20405,2025,APBN,Penelitian,46620300979,32238360163,2,2026-05-13T19:21:15+07:00
ANGab476df2,2025,APBN,Investasi,2089162729,1222463375,2,2026-05-13T19:21:15+07:00
ANG8fbb5bac,2025,APBN,PkM,47559516718,36929275600,2,2026-05-13T19:21:15+07:00
ANGe0556dda,2025,SBSN,Gaji,34097971739,23676305297,2,2026-05-13T19:21:15+07:00
ANG47216fc7,2025,SBSN,Operasional,17499679713,13925857842,2,2026-05-13T19:21:15+07:00
ANGfa038522,2025,SBSN,Penelitian,15130419672,12923928777,2,2026-05-13T19:21:15+07:00
ANGab0f912d,2025,SBSN,Investasi,28361140243,16995019765,2,2026-05-13T19:21:15+07:00
ANG5afe766c,2025,SBSN,PkM,17278998696,7845965751,2,2026-05-13T19:21:15+07:00
ANGb4e1397c,2025,Hibah,Gaji,2682455790,1288025650,2,2026-05-13T19:21:15+07:00
ANG03ea7de7,2025,Hibah,Operasional,3394368311,1690628743,2,2026-05-13T19:21:15+07:00
ANG4bf54a4b,2025,Hibah,Penelitian,37199345330,27410799126,2,2026-05-13T19:21:15+07:00
ANG3c133416,2025,Hibah,Investasi,47199153133,39140379311,2,2026-05-13T19:21:15+07:00
ANG625d3624,2025,Hibah,PkM,46882941542,35227280554,2,2026-05-13T19:21:15+07:00
ANG68907c9c,2025,PNBP,Gaji,19850435700,19363443476,3,2026-05-13T19:21:15+07:00
ANG00926f3d,2025,PNBP,Operasional,18866608749,10806608106,3,2026-05-13T19:21:15+07:00
ANGdd578153,2025,PNBP,Penelitian,47398608241,25305817408,3,2026-05-13T19:21:15+07:00
ANG08266322,2025,PNBP,Investasi,13974226465,5636218287,3,2026-05-13T19:21:15+07:00
ANGfa582e10,2025,PNBP,PkM,49200024000,27529521141,3,2026-05-13T19:21:15+07:00
ANGdf368205,2025,APBN,Gaji,6630890008,3080757488,3,2026-05-13T19:21:15+07:00
ANG27287c08,2025,APBN,Operasional,25013164495,18208417706,3,2026-05-13T19:21:15+07:00
ANG157390d9,2025,APBN,Penelitian,16165219187,13873372113,3,2026-05-13T19:21:15+07:00
ANG5420403c,2025,APBN,Investasi,2736805167,2436211254,3,2026-05-13T19:21:15+07:00
ANG8d002d76,2025,APBN,PkM,24927732936,10730213727,3,2026-05-13T19:21:15+07:00
ANGd24fbc20,2025,SBSN,Gaji,13644262371,13283711945,3,2026-05-13T19:21:15+07:00
ANG25be72c7,2025,SBSN,Operasional,31794428183,21061366998,3,2026-05-13T19:21:15+07:00
ANGafe55c30,2025,SBSN,Penelitian,22084907404,16661438860,3,2026-05-13T19:21:15+07:00
ANG3b4084a8,2025,SBSN,Investasi,16068125182,7120970250,3,2026-05-13T19:21:15+07:00
ANGf01c6a0b,2025,SBSN,PkM,29934385803,23783867698,3,2026-05-13T19:21:15+07:00
ANG9dc02d2e,2025,Hibah,Gaji,13098605921,10235924205,3,2026-05-13T19:21:15+07:00
ANG0615a632,2025,Hibah,Operasional,36449452187,31905436938,3,2026-05-13T19:21:15+07:00
ANG27b1e300,2025,Hibah,Penelitian,34620980476,26695229053,3,2026-05-13T19:21:15+07:00
ANG36c857e4,2025,Hibah,Investasi,931585798,462389745,3,2026-05-13T19:21:15+07:00
ANGf43a26ab,2025,Hibah,PkM,19553758617,9579625657,3,2026-05-13T19:21:15+07:00
ANG23edcb62,2025,PNBP,Gaji,16961134165,15177560336,4,2026-05-13T19:21:15+07:00
ANGa962a668,2025,PNBP,Operasional,7343526181,3354892359,4,2026-05-13T19:21:15+07:00
ANGb55a2fff,2025,PNBP,Penelitian,44300396983,22384045036,4,2026-05-13T19:21:15+07:00
ANGaf07de1a,2025,PNBP,Investasi,43432288837,31093505705,4,2026-05-13T19:21:15+07:00
ANG96248745,2025,PNBP,PkM,43441770176,36599361088,4,2026-05-13T19:21:15+07:00
ANG57c5578a,2025,APBN,Gaji,41020405228,34168569082,4,2026-05-13T19:21:15+07:00
ANG0a4f6241,2025,APBN,Operasional,13095382137,11378308084,4,2026-05-13T19:21:15+07:00
ANG839822c3,2025,APBN,Penelitian,48930802023,33777174561,4,2026-05-13T19:21:15+07:00
ANG1d8a1002,2025,APBN,Investasi,16857467188,8448294801,4,2026-05-13T19:21:15+07:00
ANG17e0d6e2,2025,APBN,PkM,41840089453,35366434610,4,2026-05-13T19:21:15+07:00
ANGaf44887f,2025,SBSN,Gaji,44945689320,26879242289,4,2026-05-13T19:21:15+07:00
ANG9429375e,2025,SBSN,Operasional,14416184330,9193689958,4,2026-05-13T19:21:15+07:00
ANG03abcc61,2025,SBSN,Penelitian,19484083699,18652620013,4,2026-05-13T19:21:15+07:00
ANGb33d413e,2025,SBSN,Investasi,25118017881,20574717554,4,2026-05-13T19:21:15+07:00
ANGce273b93,2025,SBSN,PkM,40813713243,21051975691,4,2026-05-13T19:21:15+07:00
ANGffacacec,2025,Hibah,Gaji,711660379,519658508,4,2026-05-13T19:21:15+07:00
ANGfade7c75,2025,Hibah,Operasional,8376288783,4989216056,4,2026-05-13T19:21:15+07:00
ANGe78c690b,2025,Hibah,Penelitian,25266695572,15769677500,4,2026-05-13T19:21:15+07:00
ANG96274cb7,2025,Hibah,Investasi,18809402153,17806072791,4,2026-05-13T19:21:15+07:00
ANG088be685,2025,Hibah,PkM,8702941764,4804345765,4,2026-05-13T19:21:15+07:00
ANGd3a1cd77,2025,PNBP,Gaji,20019801868,15867034735,1,2026-05-13T19:21:19+07:00
ANG81767437,2025,PNBP,Operasional,45109826462,19627647813,1,2026-05-13T19:21:19+07:00
ANGec097538,2025,PNBP,Penelitian,46833562727,39140017346,1,2026-05-13T19:21:19+07:00
ANG9afbae70,2025,PNBP,Investasi,49695942064,35267784836,1,2026-05-13T19:21:19+07:00
ANG483dba8a,2025,PNBP,PkM,44806718635,42245297765,1,2026-05-13T19:21:19+07:00
ANG9b95ae5f,2025,APBN,Gaji,49616265428,43156085053,1,2026-05-13T19:21:19+07:00
ANGf65a09ef,2025,APBN,Operasional,33642448705,13626890034,1,2026-05-13T19:21:19+07:00
ANGf682c460,2025,APBN,Penelitian,44367292816,27984195170,1,2026-05-13T19:21:19+07:00
ANGf6b06141,2025,APBN,Investasi,35238090539,18371486240,1,2026-05-13T19:21:19+07:00
ANG33d52841,2025,APBN,PkM,26409051555,12291464125,1,2026-05-13T19:21:19+07:00
ANGf7bf6808,2025,SBSN,Gaji,45851655392,34755959226,1,2026-05-13T19:21:19+07:00
ANG61e2ab96,2025,SBSN,Operasional,28375890390,27790504794,1,2026-05-13T19:21:19+07:00
ANG289b2c6c,2025,SBSN,Penelitian,40132907455,26271076233,1,2026-05-13T19:21:19+07:00
ANG3ca94f89,2025,SBSN,Investasi,25242420991,12594826603,1,2026-05-13T19:21:19+07:00
ANGd8819387,2025,SBSN,PkM,13842415565,9919176691,1,2026-05-13T19:21:19+07:00
ANG16ebdb3d,2025,Hibah,Gaji,43115459868,19220243868,1,2026-05-13T19:21:19+07:00
ANG1101f906,2025,Hibah,Operasional,31854670762,25028815659,1,2026-05-13T19:21:19+07:00
ANG702ceb0c,2025,Hibah,Penelitian,6602483088,6118908317,1,2026-05-13T19:21:19+07:00
ANG7e162205,2025,Hibah,Investasi,39077829378,32346823669,1,2026-05-13T19:21:19+07:00
ANG0ad71be8,2025,Hibah,PkM,42557282543,30894590411,1,2026-05-13T19:21:19+07:00
ANG9480c18f,2025,PNBP,Gaji,39550945573,20595385685,2,2026-05-13T19:21:19+07:00
ANG3593e729,2025,PNBP,Operasional,7071489147,3346528163,2,2026-05-13T19:21:19+07:00
ANG59812338,2025,PNBP,Penelitian,24681061360,22134626866,2,2026-05-13T19:21:19+07:00
ANGbd746a7c,2025,PNBP,Investasi,18927418901,10833262073,2,2026-05-13T19:21:19+07:00
ANG8ee26984,2025,PNBP,PkM,31191091515,24941085642,2,2026-05-13T19:21:19+07:00
ANG3d9363f9,2025,APBN,Gaji,43789924008,19294310292,2,2026-05-13T19:21:19+07:00
ANG08ef32ca,2025,APBN,Operasional,43858456511,31880664922,2,2026-05-13T19:21:19+07:00
ANG3574b073,2025,APBN,Penelitian,43700518225,39980825767,2,2026-05-13T19:21:19+07:00
ANG33645893,2025,APBN,Investasi,16618008260,9350727314,2,2026-05-13T19:21:19+07:00
ANG00440180,2025,APBN,PkM,12207559574,10814320696,2,2026-05-13T19:21:19+07:00
ANG7c883ead,2025,SBSN,Gaji,40060765062,25116719969,2,2026-05-13T19:21:19+07:00
ANG9d17d103,2025,SBSN,Operasional,3277448811,2464647518,2,2026-05-13T19:21:19+07:00
ANG949e16d3,2025,SBSN,Penelitian,43398132005,30619746055,2,2026-05-13T19:21:19+07:00
ANG9df5879a,2025,SBSN,Investasi,15898430876,7636716607,2,2026-05-13T19:21:19+07:00
ANGcd0e8356,2025,SBSN,PkM,18765401085,12613301805,2,2026-05-13T19:21:19+07:00
ANGc1f69ea9,2025,Hibah,Gaji,5188266848,3650305792,2,2026-05-13T19:21:19+07:00
ANGa66b2fd9,2025,Hibah,Operasional,39159419594,25028518513,2,2026-05-13T19:21:19+07:00
ANG526a47ed,2025,Hibah,Penelitian,20063151299,19549422802,2,2026-05-13T19:21:19+07:00
ANG46231d4b,2025,Hibah,Investasi,8119980126,7849621249,2,2026-05-13T19:21:19+07:00
ANG21843885,2025,Hibah,PkM,16897907348,11271728791,2,2026-05-13T19:21:19+07:00
ANGb6ab1e4d,2025,PNBP,Gaji,24890886633,19435243870,3,2026-05-13T19:21:19+07:00
ANG9676bc71,2025,PNBP,Operasional,27032664699,24131878734,3,2026-05-13T19:21:19+07:00
ANG7bc22c24,2025,PNBP,Penelitian,6226891394,4336471174,3,2026-05-13T19:21:19+07:00
ANG04a97cc0,2025,PNBP,Investasi,8191070230,7160143885,3,2026-05-13T19:21:19+07:00
ANG656e1cbe,2025,PNBP,PkM,43129964542,42252752804,3,2026-05-13T19:21:19+07:00
ANG70e87911,2025,APBN,Gaji,2139807180,1838193118,3,2026-05-13T19:21:19+07:00
ANG00e88b8f,2025,APBN,Operasional,49147849064,25307264813,3,2026-05-13T19:21:19+07:00
ANGbb94c049,2025,APBN,Penelitian,49458781165,29537685295,3,2026-05-13T19:21:19+07:00
ANGe6f71829,2025,APBN,Investasi,2344552347,1415058913,3,2026-05-13T19:21:19+07:00
ANG34b85ec0,2025,APBN,PkM,37230279723,23291537536,3,2026-05-13T19:21:19+07:00
ANG61bba0cb,2025,SBSN,Gaji,42156907614,40909024216,3,2026-05-13T19:21:19+07:00
ANGe2ec185a,2025,SBSN,Operasional,38087550590,22185965489,3,2026-05-13T19:21:19+07:00
ANG9717f2ac,2025,SBSN,Penelitian,7831936367,6305865055,3,2026-05-13T19:21:19+07:00
ANG52eb9014,2025,SBSN,Investasi,6026013083,2945302266,3,2026-05-13T19:21:19+07:00
ANGe1a7de04,2025,SBSN,PkM,35129880570,23507777868,3,2026-05-13T19:21:19+07:00
ANGdde3fab7,2025,Hibah,Gaji,32489878869,31332689109,3,2026-05-13T19:21:19+07:00
ANGa7ad7026,2025,Hibah,Operasional,32695906270,31226813220,3,2026-05-13T19:21:19+07:00
ANGef584961,2025,Hibah,Penelitian,17871051834,10747722344,3,2026-05-13T19:21:19+07:00
ANG7f210e97,2025,Hibah,Investasi,6860674469,4509783101,3,2026-05-13T19:21:19+07:00
ANG1e2449f8,2025,Hibah,PkM,2877256312,2251592727,3,2026-05-13T19:21:19+07:00
ANG9a30e7d4,2025,PNBP,Gaji,16978924267,12114535589,4,2026-05-13T19:21:19+07:00
ANG46a00473,2025,PNBP,Operasional,31809491670,24506548273,4,2026-05-13T19:21:19+07:00
ANGc49b18e4,2025,PNBP,Penelitian,14662585849,11062940586,4,2026-05-13T19:21:19+07:00
ANG96730d6c,2025,PNBP,Investasi,14589141865,12481641448,4,2026-05-13T19:21:19+07:00
ANG9f7bd054,2025,PNBP,PkM,8808250188,6499831542,4,2026-05-13T19:21:19+07:00
ANGf152492c,2025,APBN,Gaji,23615701190,16399019393,4,2026-05-13T19:21:19+07:00
ANG8234445c,2025,APBN,Operasional,15071568738,11191154281,4,2026-05-13T19:21:19+07:00
ANGe6903aef,2025,APBN,Penelitian,9974548001,6716879324,4,2026-05-13T19:21:19+07:00
ANG1b8cedde,2025,APBN,Investasi,40025266076,28914349875,4,2026-05-13T19:21:19+07:00
ANGd3c08998,2025,APBN,PkM,49386315475,26969970467,4,2026-05-13T19:21:19+07:00
ANGb27d0f65,2025,SBSN,Gaji,44558399109,40580168008,4,2026-05-13T19:21:19+07:00
ANG3079717c,2025,SBSN,Operasional,44227595520,24211284232,4,2026-05-13T19:21:19+07:00
ANG54f6a03a,2025,SBSN,Penelitian,30181921812,28448093521,4,2026-05-13T19:21:19+07:00
ANGa1afc59e,2025,SBSN,Investasi,34152364560,16180890813,4,2026-05-13T19:21:19+07:00
ANGeb215582,2025,SBSN,PkM,47019736754,25856938384,4,2026-05-13T19:21:19+07:00
ANG7355fdba,2025,Hibah,Gaji,45273903492,41272856632,4,2026-05-13T19:21:19+07:00
ANG0ed00892,2025,Hibah,Operasional,21445474844,19620890979,4,2026-05-13T19:21:19+07:00
ANG22fb46e8,2025,Hibah,Penelitian,14076494315,7233311285,4,2026-05-13T19:21:19+07:00
ANGbaeb9b1d,2025,Hibah,Investasi,14439887772,8799243225,4,2026-05-13T19:21:19+07:00
ANGf1202957,2025,Hibah,PkM,2245186623,1574183552,4,2026-05-13T19:21:19+07:00
